method,position_rmse,heading_rmse_rad,heading_rmse_deg,evaluation_steps
odometry_only,0.6710267857190491,0.09819369418081107,5.626084251358786,200
camera_measurement,0.9541941062561932,,,15
ekf,0.46567418918563863,0.04277888613673828,2.4510496279058107,200
