method,position_rmse,evaluation_steps
odometry_only,4.078637075423078,120
camera_measurement,2.8534837440540533,15
kalman_fusion,3.0867287239010874,120
,,
kf - odometry,0.991908352,0.243196032
